id,lang,resource_level,proverb_native,proverb_en,context_native,context_en,label,source,notes
id_0001,id,medium,Bagai pungguk merindukan bulan,,"Orang 1: Apa kabar, kamu sudah mencapai impianmu untuk menjadi seorang penyanyi terkenal? Orang 2: Belum, sepertinya impian itu terlalu tinggi untuk saya capai. Orang 1: Ya, memang terkadang kita menginginkan sesuatu yang sulit untuk digapai. Orang 2: Betul sekali, bagai pungguk merindukan bulan.",,figurative,MAPS,
id_0002,id,medium,Seperti lalat mencari puru,,"Orang 1: Wah, dia selalu mencari keuntungan dari setiap kesempatan yang ada ya.  Orang 2: Iya, seperti lalat mencari puru.",,figurative,MAPS,
id_0003,id,medium,Tali yang tiga lembar itu tak suang-suang putus,,"Orang 1: Kita harus bersatu agar bisa menghadapi masalah ini dengan lebih kuat. Orang 2: Benar, tali yang tiga lembar itu tak suang-suang putus.",,figurative,MAPS,
id_0004,id,medium,Gajah dialahkan oleh pelanduk,,"Orang 1: Apakah kamu yakin bisa mengalahkan bos besar itu? Orang 2: Tentu saja, orang besar dapat dikalahkan oleh orang cerdik. Gajah dialahkan oleh pelanduk.",,figurative,MAPS,
id_0005,id,medium,Tak kayu jenjang dikeping,,Orang 1: Bagaimana cara mengatasi masalah ini? Orang 2: Kita harus berusaha dengan keras dan fokus pada tujuan kita. Orang 1: Tapi bagaimana kalau ada rintangan yang sulit diatasi? Orang 2: Tak kayu jenjang dikeping.,,figurative,MAPS,
id_0006,id,medium,"Seperti menghela rambut ditepung, rambut tak putus, tepung tidak terserak",,"Orang 1: Bagaimana cara menyelesaikan perselisihan dengan baik? Orang 2:  Seperti menghela rambut ditepung, rambut tak putus, tepung tidak terserak.",,figurative,MAPS,
id_0007,id,medium,Seperti unta menyerahkan diri,,Orang 1: Apa arti kesetiaan bagimu? Orang 2: Kesetiaan padaku seperti unta menyerahkan diri.,,figurative,MAPS,
id_0008,id,medium,Tong kosong nyaring bunyinya,,Orang 1: Apa pendapatmu tentang orang yang suka berbicara banyak? Orang 2: Tong kosong nyaring bunyinya.,,figurative,MAPS,
id_0009,id,medium,"Hujan tak sekali jatuh, simpai tak sekali erat",,"Orang 1: Kenapa kamu terlihat begitu lelah? Apa kamu sudah menyelesaikan semua pekerjaanmu?  Orang 2: Belum, masih banyak yang harus diselesaikan. Tapi, saya telah belajar bahwa hujan tidak turun sekali, lingkaran tidak menggantung sekali.",,figurative,MAPS,
id_0010,id,medium,Tidak terindang dedak basah,,"Orang 1: Sudah mencoba mencari solusi untuk masalah ini? Orang 2: Sudah, tapi sepertinya tidak ada jalan keluarnya.  Orang 1: Mungkin kita harus mencari bantuan dari orang lain? Orang 2: Tapi siapa yang bisa membantu? Tidak terindang dedak basah.",,figurative,MAPS,
id_0011,id,medium,Parang gabus menjadi parang besi,,"Orang 1: Kamu dengar tentang siapa yang terpilih menjadi pemimpin desa kita?  Orang 2: Ya, parang gabus menjadi parang besi.",,figurative,MAPS,
id_0012,id,medium,Tali jangan putus kaitan jangan sekah,,Orang 1: Bagaimana cara menyelesaikan masalah antara dua orang yang sedang berselisih? Orang 2: Tali jangan putus kaitan jangan sekah.,,figurative,MAPS,
id_0013,id,medium,"Ikan biar dapat, serampang jangan pukah",,"Orang 1: Ayo cepat, kita harus menyelesaikan proyek ini secepat mungkin! Orang 2: Tapi kita perlu berusaha menghindari kesalahan, ikan biar dapat, serampang jangan pukah.",,figurative,MAPS,
id_0014,id,medium,Seperti air pembasuh tangan,,Orang 1: Apa pendapatmu tentang hadiah yang diberikan bos kita? Orang 2: Saya rasa ia seperti air pembasuh tangan.,,figurative,MAPS,
id_0015,id,medium,Seperti harimau menyembunyikan kuku,,"Orang 1: Saya dengar kamu sangat ahli dalam bermain musik, mengapa kamu tidak pernah tampil di depan umum? Orang 2: Ah, saya seperti harimau yang menyembunyikan kuku.",,figurative,MAPS,
id_0016,id,medium,Seperti embun di ujung rumput,,"Orang 1: Bagaimana kabarmu? Sudah lama tidak bertemu. Orang 2: Ya, ada beberapa hal yang tidak berjalan sesuai harapan. Saya merasa seperti embun di ujung rumput.",,figurative,MAPS,
id_0017,id,medium,Pandai berminyak air,,Orang 1: Bagaimana kamu bisa membuat benda tak berharga menjadi berguna? Orang 2: Saya pandai berminyak air.,,figurative,MAPS,
id_0018,id,medium,Seperti lipas kudung,,"Orang 1: Kapa kabarmu? Apakah Anda akan berlibur dalam waktu dekat? Orang 2: Aku memang seperti lipas kudung, tanganku hampir tak pernah berhenti bergerak untuk melakukan sesuatu.",,figurative,MAPS,
id_0019,id,medium,Menepak nyamuk menjadi daki,,"Orang 1: Kenapa kamu selalu membully temanmu yang lemah? Orang 2: Ah, itu kan cuma bercanda. Lagipula, dia kan tidak bisa membalas. Orang 1: Tapi itu tidak baik. Menepak nyamuk menjadi daki.",,figurative,MAPS,
id_0020,id,medium,"Rupa seperti pulut, bila dimasak berderai",,"Orang 1: Apa pendapatmu tentang si Asep? Orang 2: Rupa seperti pulut, bila dimasak berderai.",,figurative,MAPS,
id_0021,id,medium,"Raja adil raja disembah, raja lalim raja disanggah",,"Orang 1: Apa pendapatmu tentang pemimpin kita saat ini? Orang 2: Saya pikir, raja adil raja disembah, raja lalim raja disanggah.",,literal,MAPS,
id_0022,id,medium,"Air orang disauk, ranting orang dipatah, adat orang diturut",,"Orang 1: Apa pendapatmu tentang kebiasaan orang di daerah kita? Orang 2: Air orang disauk, ranting orang dipatah, adat orang diturut.",,figurative,MAPS,
id_0023,id,medium,Bagai pagar makan tanaman,,Orang 1: Di mana berlian saya? Saya pikir Ajie sedang menontonnya.  Orang 2: Buruk sekali. bagai pagar makan tanaman.,,figurative,MAPS,
id_0024,id,medium,"Sekali lancung ke ujian, seumur hidup orang tak percaya",,"Orang 1: Apakah kamu pernah mengkhianati temanmu? Orang 2: Ya, sekali saja. Sekali lancung ke ujian, seumur hidup orang tak percaya.",,literal,MAPS,
id_0025,id,medium,Tertampi beras bubuk,,"Orang 1: Bagaimana pekerjaanmu sekarang? Orang 2: Sudah mendapat pekerjaan baru, tapi gajinya tertampi beras bubuk.",,figurative,MAPS,
id_0026,id,medium,Batu di pulau tiada berkajang,,"Orang 1: Aku ingin mencoba memperbaiki mobil tua ini, meski sudah rusak parah. Orang 2: Tapi mobil itu sudah terlalu tua. Ingatlah, batu di pulau tiada berkajang.",,figurative,MAPS,
id_0027,id,medium,Seperti negeri dialahkan garuda,,Orang 1: Bagaimana suasana di kota itu sekarang? Orang 2: Seperti negeri dialahkan garuda.,,literal,MAPS,
id_0028,id,medium,Seperti anjing berebut tulang,,"Orang 1: Apa yang terjadi dengan dua sahabatmu, mereka bertengkar dengan sangat ganas? Orang 2: Mereka sudah tidak peduli dengan persahabatan lagi, seperti anjing berebut tulang. Orang 1: Itu sangat menyedihkan.",,figurative,MAPS,
id_0029,id,medium,Diindang tak berantah,,Orang 1: Kenapa barang-barang di toko itu tidak laku terjual?  Orang 2: Mungkin diindang tak berantah.,,literal,MAPS,
id_0030,id,medium,"Siapa yang menabur angin, akan menuai badai",,"Orang 1: Aku dengar dia suka mencuri uang dari teman-temannya. Orang 2: Ya sudah, siapa yang menabur angin, akan menuai badai.",,figurative,MAPS,
id_0031,id,medium,"Nasi sama ditanak, kerak dimakan seorang",,"Orang 1: Bagaimana pendapatmu tentang proyek ini? Orang 2: Nasi sama ditanak, kerak dimakan seorang.",,figurative,MAPS,
id_0032,id,medium,Seperti anai-anai bubus,,"Orang 1: Ada apa di pasar? Orang 2: Banyak sekali orang, seperti anai-anai bubus.",,figurative,MAPS,
id_0033,id,medium,Bagai air titik ke batu,,Orang 1: Apa yang harus saya lakukan untuk membantu teman saya yang selalu berbuat jahat? Orang 2: Kadang-kadang sulit untuk nagai air titik ke batu.,,figurative,MAPS,
id_0034,id,medium,Seperti tikus jatuh ke beras,,Orang 1: Kamu lihat siapa itu? Dia selalu membeli barang-barang mewah dan berfoya-foya.  Orang 2: Seperti tikus jatuh ke beras.,,figurative,MAPS,
id_0035,id,medium,"Ada ubi ada talas, ada budi ada balas",,"Orang 1: Surya selalu membully rekan kerjanya yang baru. Saya tidak percaya tidak ada yang dilakukan oleh pihak manajemen terkait hal ini. Orang 2: Ada ubi ada talas, ada budi ada balas.",,figurative,MAPS,
id_0036,id,medium,Air ditetak takkan putus,,Orang 1: Apa yang harus saya lakukan jika saya dan saudara saya selalu bertengkar? Orang 2: Air ditetak takkan putus.,,figurative,MAPS,
id_0037,id,medium,Air jernih ikannya jinak,,Orang 1: Bagaimana menurutmu Indonesia sebagai negara untuk tinggal? Orang 2: Indonesia adalah air jernih ikannya jinak.,,figurative,MAPS,
id_0038,id,medium,Air pun ada pasang surutnya,,"Orang 1: Wah, hari ini saya sangat beruntung mendapatkan pekerjaan baru! Orang 2: Ya, tapi jangan lupa bahwa untung dan malang itu berganti-ganti. Orang 1: Benar juga ya, Air pun ada pasang surutnya.",,figurative,MAPS,
id_0039,id,medium,Air susu dibalas dengan air tuba,,"Orang 1: Saya sudah sangat baik pada teman saya, tapi dia malah mengkhianati saya.  Orang 2: Seperti kata pepatah, air susu dibalas dengan air tuba.",,figurative,MAPS,
id_0040,id,medium,diam diam menghanyutkan,,Orang 1: Kenapa sih kamu selalu diam-diam saja di kelas?  Orang 2: Haha. Diam diam menghanyutkan.,,figurative,MAPS,
id_0041,id,medium,Air yang dingin juga yang memadami api,,Orang 1: Aku tidak tahu bagaimana cara menenangkan temanku yang sedang marah. Orang 2: Coba kamu bicara dengan. Air yang dingin juga yang memadami api.,,figurative,MAPS,
id_0042,id,medium,Air yang tenang jangan disangka tak berbuaya,,"Orang 1: Kamu tahu siapa itu Ahmad? Dia selalu diam dan tenang, sepertinya tidak punya banyak pengetahuan.  Orang 2: Air yang tenang jangan disangka tak berbuaya.",,figurative,MAPS,
id_0043,id,medium,Alah membeli menang memakai,,"Orang 1: Aku ingin membeli sepatu baru tapi bingung harus pilih yang murah atau yang mahal.  Orang 2: Lebih baik Allah membeli, menang memakai.",,literal,MAPS,
id_0044,id,medium,"Angkuh terbawa, tampan tinggal",,"Orang 1: Kamu lihat siapa tadi di kafe? Dia pakai baju mahal banget, tapi kok tetap kelihatan aneh ya?  Orang 2: Oh itu, angkuh terbawa, tampan tinggal.",,literal,MAPS,
id_0045,id,medium,Apa yang ditanam itulah yang tumbuh,,"Orang 1: Aku tidak pernah melakukan kebaikan pada orang lain, tapi mengapa hidupku selalu penuh dengan keburukan?  Orang 2: Kamu harus ingat, apa yang ditanam itulah yang tumbuh.",,figurative,MAPS,
id_0046,id,medium,Api kecil baik padam,,Orang 1: Aku belum tahu harus bagaimana menghadapi masalah ini. Orang 2: Api kecil baik padam.,,figurative,MAPS,
id_0047,id,medium,Api padam puntung berasap,,"Orang 1: Saya mendengar kasus itu masih berlanjut, apa yang terjadi? Orang 2: Ya, api padam puntung berasap.",,figurative,MAPS,
id_0048,id,medium,"Asal insang, ikanlah",,"Orang 1: Kamu mencari istri yang seperti apa sih? Orang 2: Asal insang, ikanlah.",,figurative,MAPS,
id_0049,id,medium,"Awak sakit daging menimbun, sakit kepala panjang rambut",,"Orang 1: Apa kabar? Kamu terlihat sedih akhir-akhir ini. Orang 2: Tidak ada. Awak sakit daging menimbun, sakit kepala panjang rambut.",,figurative,MAPS,
id_0050,id,medium,Ayam bertelur di atas padi mati kelaparan,,Orang 1: Bagaimana kabar temanmu yang menikah dengan orang kaya? Orang 2: Ayam bertelur di atas padi mati kelaparan.,,figurative,MAPS,
id_0051,id,medium,Ayam putih terbang siang,,"Orang 1: Apakah kamu yakin bahwa dia mencuri uang itu? Orang 2: Tentu saja, ayam putih terbang siang.",,figurative,MAPS,
id_0052,id,medium,"Yang berkurap pembawa buluh, yang buta pengembus lesung",,"Orang 1: Saudara laki-laki saya mengalami tantangan fisik, dan dia mengalami kesulitan untuk mencari pekerjaan. Apakah ada sesuatu di tempat kerja Anda? Orang 2: Yang berkurap pembawa buluh, yang buta pengembus lesung.",,figurative,MAPS,
id_0053,id,medium,"Dalam laut bisa diduga, dalam hati siapa tahu",,"Orang 1: Apakah menurutmu kamu selalu bisa memahami seseorang hanya dengan melihatnya? Orang 2: Dalam laut bisa diduga, dalam hati siapa tahu",,figurative,MAPS,
id_0054,id,medium,"Dinding teretas, tangga terpasang",,"Orang 1: Apakah kamu yakin dia mencuri uangmu? Orang 2: Dinding teretas, tangga terpasang.",,figurative,MAPS,
id_0055,id,medium,Dunia tak selebar daun kelor,,Orang 1: Saya merasa putus asa setelah gagal dalam ujian ini. Saya pasti akan gagal dalam mata kuliah ini.  Orang 2:  Dunia tak selebar daun kelor.,,figurative,MAPS,
id_0056,id,medium,"Enak lauk dikunyah-kunyah, enak kata diperkatakan",,"Orang 1: Apa sih rahasia kamu bisa memberikan nasihat yang baik? Orang 2: Enak lauk dikunyah-kunyah, enak kata diperkatakan.",,literal,MAPS,
id_0057,id,medium,"Enggang sama enggang, pipit sama pipit",,"Orang 1: Saya harap anak laki-laki saya akan menikahi dengan baik agar istri bisa membantunya dalam karirnya. Orang 2: Berhenti bermimpi! Enggang sama enggang, pipit sama pipit.",,figurative,MAPS,
id_0058,id,medium,Getikkan puru dibibir,,"Orang 1: Kenapa kamu selalu menunda-nunda pekerjaanmu? Padahal deadline sudah dekat.  Orang 2: Aku tahu, tapi aku merasa sulit untuk memulainya.  Orang 1: Kalau begitu, kenapa tidak meminta bantuan orang lain?  Orang 2: Tidak, nanti aku malu. Aku akan menyelesaikannya sendiri.  Orang 1: Baiklah, getikkan puru dibibir.",,figurative,MAPS,
id_0059,id,medium,"Harapkan guntur di langit, air di tempayan dicurahkan",,"Orang 1: Aku ingin sekali memenangkan undian mobil itu, aku yakin aku akan menang!  Orang 2: Tapi Anda harus ingat, harapkan guntur di langit, air di tempayan dicurahkan.",,figurative,MAPS,
id_0060,id,medium,Bagai musang berbulu ayam,,"Orang 1: Apa pendapatmu tentang teman baru kita? Orang 2: Dia terlihat baik dan ramah, tapi hatiku merasa ragu. Orang 1: Kenapa? Orang 2: Karena saya merasa bahwa dia seperti musang berbulu ayam.",,figurative,MAPS,
id_0061,id,medium,Bagai pelanduk di cerang rimba,,"Orang 1: Aku tidak tahu harus berbuat apa, semuanya terasa begitu menakutkan.  Orang 2: Kamu seperti pelanduk di cerang rimba.  Orang 1: Apa maksudmu?  Orang 2: Ah, ya. Bagai pelanduk di cerang rimba.",,figurative,MAPS,
id_0062,id,medium,"Seciap bagai ayam, sedencing bagai besi",,"Orang 1: Kita harus selalu bersatu dan bekerja sama dalam menghadapi masalah. Orang 2: Benar sekali, seciap bagai ayam, sedencing bagai besi.",,figurative,MAPS,
id_0063,id,medium,Kail sejengkal janganlah menduga dalam lautan,,Orang 1: Saya ingin menantang profesor itu dalam debat. Orang 2: Kail sejengkal janganlah menduga dalam lautan.,,figurative,MAPS,
id_0064,id,medium,Ada gula ada semut,,"Orang 1: Kok tahu-tahu semua orang sudah tahu rahasiaku ya?  Orang 2: Ya jelas, ada gula ada semut.",,figurative,MAPS,
id_0065,id,medium,"Ada nyawa, nyawa ikan",,"Orang 1: Bagaimana kabarmu? Sudah sembuh dari sakitnya?  Orang 2: Belum sepenuhnya sembuh, tapi masih bertahan. Ada nyawa, nyawa ikan.  Orang 1: Semoga cepat sembuh ya.",,figurative,MAPS,
id_0066,id,medium,Ada umur ada rezeki,,"Orang 1: Aku takut tidak bisa membayar tagihan bulan ini. Orang 2: Jangan khawatir, ada umur ada rezeki.",,literal,MAPS,
id_0067,id,medium,"Adat hidup tolong-menolong, syariat palu-memalu",,"Orang 1: Kamu bisa tolong aku nggak? Aku butuh bantuan untuk mengangkat barang-barang ini.  Orang 2: Tentu saja, adat hidup tolong-menolong, syariat palu-memalu.",,literal,MAPS,
id_0068,id,medium,"Adat juara kalah menang, adat saudagar laba rugi",,"Orang 1: Aku gagal dalam ujian kali ini, aku merasa putus asa. Orang 2: Janganlah berputus asa, adat juara kalah menang, adat saudagar laba rugi. Teruslah mencoba, pasti akan berhasil suatu saat nanti.",,figurative,MAPS,
id_0069,id,medium,"Adat muda menanggung rindu, adat tua menahan ragam",,"Orang 1: Kenapa kamu selalu merindukan masa muda?  Orang 2: Karena adat muda menanggung rindu, adat tua menahan ragam.",,literal,MAPS,
id_0070,id,medium,Adat pasang berturun naik,,"Orang 1: Bagaimana kabarmu belakangan ini? Orang 2: Susah-senang selalu berganti, tapi saya tetap berusaha menghadapinya. Orang 1: Benar sekali, adat pasang berturun naik.",,figurative,MAPS,
id_0071,id,medium,Air mata jatuh ke perut,,"Orang 1: Apa kabar? Kamu terlihat sedih. Orang 2: Iya, sedang ada masalah di rumah. Orang 1: Kenapa tidak cerita saja? Orang 2: Saya tidak mau merepotkan orang lain. Air mata jatuh ke perut saja.",,figurative,MAPS,
id_0072,id,medium,Alah bisa karena biasa,,"Orang 1: Bagaimana kamu bisa menjadi ahli dalam memasak? Orang 2: Saya memasak setiap hari, Alah bisa karena biasa.",,literal,MAPS,
id_0073,id,medium,"Angin tak dapat ditangkap, asap tak dapat digenggam",,"Orang 1: Apa kamu yakin rahasia kita aman? Orang 2: Tentu saja, aku sudah memastikan semuanya terjaga dengan baik. Orang 1: Tapi, kamu tahu kan, angin tak dapat ditangkap, asap tak dapat digenggam.",,figurative,MAPS,
id_0074,id,medium,"Anjing menggonggong, kafilah berlalu",,"Orang 1: Tadi ada teman yang mencemooh kita di belakang, gimana kita harus meresponnya? Orang 2: Tidak perlu merespon, biarkan saja. Anjing menggonggong, kafilah berlalu.",,figurative,MAPS,
id_0075,id,medium,"Antah berkumpul sama antah, beras sama beras",,"Orang 1: Kenapa kamu selalu bergaul dengan orang-orang yang sama level denganmu? Orang 2: Karena antah berkumpul sama antah, beras sama beras.",,figurative,MAPS,
id_0076,id,medium,Api padam puntung hanyut,,"Orang 1: Apa kabar dengan masalahmu yang dulu? Orang 2: Sudah selesai, api padam puntung hanyut.",,figurative,MAPS,
id_0077,id,medium,Arang itu jikalau dibasuh dengan air mawar sekalipun tidak akan putih,,"Orang 1: Apa kamu sudah mencoba membantu dia berubah dari kebiasaannya yang buruk? Orang 2: Sudah, tapi dia tetap saja tidak mau berubah. Arang itu jikalau dibasuh dengan air mawar sekalipun tidak akan putih.",,figurative,MAPS,
id_0078,id,medium,Asam di gunung garam di laut bertemu dalam satu belanga,,Orang 1: Aku tidak pernah berpikir bahwa aku akan bertemu dengan pasangan hidupku di luar kota ini. Orang 2: Jodoh memang tak pernah bisa ditebak. Asam di gunung garam di laut bertemu dalam satu belanga.,,figurative,MAPS,
id_0079,id,medium,Awak kalah gelanggang usai,,"Orang 1: Bagaimana pertandinganmu tadi? Orang 2: Sial sekali, lawanku terlalu kuat. Awak kalah gelanggang usai.",,literal,MAPS,
id_0080,id,medium,Ayam ditambat disambar elang,,"Orang 1: Apa kabar dengan pacarmu? Orang 2: Dia meninggalkanku untuk orang lain. Orang 1: Sial sekali, apa yang akan kamu lakukan? Orang 2: Apa lagi yang bisa aku lakukan? Ayam ditambat disambar elang.",,figurative,MAPS,
id_0081,id,medium,Ayam hitam terbang malam,,"Orang 1: Apa yang sedang kamu cari tahu tentang masalah itu? Orang 2: Saya sudah mencari tahu, tapi semua informasi yang saya dapatkan tidak jelas dan bertentangan satu sama lain. Orang 1: Sepertinya ini menjadi sebuah masalah yang sulit untuk dipecahkan ya. Orang 2: Ya, memang. Ayam hitam terbang malam.",,figurative,MAPS,
id_0082,id,medium,Ayam menang kampung tergadai,,Orang 1: Apa kabar? Orang 2: Saya kehilangan dompet dan kunci mobil hari ini. Orang 1: Ayam menang kampung tergadai.,,figurative,MAPS,
id_0083,id,medium,"Yang dipandang rupa, yang dimakan rasa",,"Orang 1: Kamu harus berbicara dengan baik pada bosmu jika ingin mendapatkan kenaikan gaji. Orang 2: Benar sekali, yang dipandang rupa, yang dimakan rasa.",,figurative,MAPS,
id_0084,id,medium,Bagai air di atas daun talas,,"Orang 1: Apa yang terjadi dengan proyek kita? Orang 2: Semua anggota tim bekerja sendiri-sendiri tanpa koordinasi. Kita harus bekerja sama agar proyek ini berhasil. Kalau tidak, hasilnya akan bagai air di atas daun talas.",,figurative,MAPS,
id_0085,id,medium,Bagai anjing beranak enam,,"Orang 1: Kamu lihat teman baruku belum? Orang 2: Oh, yang mana? Oh, yang kamu maksud bagai anjing beranak enam?  Orang 1: Haha, iya ya.",,figurative,MAPS,
id_0086,id,medium,Bagai api dengan asap,,"Orang 1: Kamu dan pacarmu selalu bersama-sama ya? Orang 2: Iya, bagai api dengan asap.",,figurative,MAPS,
id_0087,id,medium,"Cerdik perempuan melebuhkan, saudagar muda mengutangkan",,"Orang 1: Apa pendapatmu tentang komentar itu? Orang 2: Saya rasa tidak perlu dipertimbangkan, seperti kata pepatah Cerdik perempuan melebuhkan, saudagar muda mengutangkan.",,figurative,MAPS,
id_0088,id,medium,Condong yang akan menimpa,,"Orang 1: Aku ingin mencoba melompati sungai ini, apa kamu mau ikut?  Orang 2: Tidak, itu sangat berbahaya. Condong yang akan menimpa.",,figurative,MAPS,
id_0089,id,medium,Dahulu timah sekarang besi,,"Orang 1: Kamu ingat zaman kita masih kecil, Aditya paling populer di sekolah kita? Orang 2: Iya, dahulu timah sekarang besi.",,figurative,MAPS,
id_0090,id,medium,Dari jung turun ke sampan,,Orang 1: Apa yang terjadi dengan bosmu? Orang 2: Dia melakukan kesalahan besar dan akhirnya dari jung turun ke sampan.,,figurative,MAPS,
id_0091,id,medium,"Deras datang, deras kena",,"Orang 1: Ayo buruan jual barang ini, kita bisa dapat untung besar! Orang 2: Tunggu dulu, kita harus cek harga pasar dulu agar tidak rugi. Orang 1: Ah, nggak usah ribet, cepat saja jual! Orang 2: Ingatlah, deras datang, deras kena.",,figurative,MAPS,
id_0092,id,medium,"Dianjak layu, dibubut mati",,"Orang 1: Mungkin kita harus mengubah rencana kita agar lebih efektif. Orang 2: Tidak perlu, Dianjak layu, dibubut mati.",,figurative,MAPS,
id_0093,id,medium,Disisih sebagai antah,,"Orang 1: Kenapa kamu tidak ikut rapat pengurus desa? Orang 2: Karena saya dianggap tidak punya pengaruh dan harta, jadi disisih sebagai antah.",,literal,MAPS,
id_0094,id,medium,"Emping terserak, hari hujan",,"Orang 1: Aku kehilangan dompetku yang berisi uang dan kartu identitas. Orang 2: Emping terserak, hari hujan.",,figurative,MAPS,
id_0095,id,medium,"Geleng bukan, angguk ia",,"Orang 1: Apa kamu setuju dengan keputusan ini? Orang 2: Geleng bukan, angguk ia.",,literal,MAPS,
id_0096,id,medium,Geleng serupa cupak hanyut,,"Orang 1: Kamu tidak perlu merasa lebih pintar dari yang lain, kamu tahu?  Orang 2: Ah, aku tahu kok. Tapi aku memang lebih pintar daripada mereka.  Orang 1: Geleng serupa cupak hanyut.",,figurative,MAPS,
id_0097,id,medium,"Habis beralur, maka beralu-alu",,"Orang 1: Apa yang harus kita lakukan jika perundingan gagal lagi? Orang 2: Habis beralur, maka beralu-alu.",,literal,MAPS,
id_0098,id,medium,"Hafal kaji karena diulang, pasar jalan karena ditempuh",,"Orang 1: Bagaimana caranya agar bisa mahir dalam bermain gitar? Orang 2: Hafal kaji karena diulang, pasar jalan karena ditempuh.",,literal,MAPS,
id_0099,id,medium,Harimau mengaum takkan menangkap,,"Orang 1: Aku takut dengan orang yang terlihat sangat menakutkan. Orang 2: Jangan takut, harimau mengaum takkan menangkap.",,figurative,MAPS,
id_0100,id,medium,Hemat pangkal kaya,,Orang 1: Kenapa kamu selalu berhemat? Orang 2: Karena hemat pangkal kaya.,,literal,MAPS,
id_0101,id,medium,"Hendak ulam, pucuk menjulai",,"Orang 1: Aku hanya berharap bisa makan nasi goreng biasa saja, tapi ternyata temanku memesankan nasi goreng spesial untukku!  Orang 2: Wah, kamu sangat beruntung! Hendak ulam, pucuk menjulai.",,literal,MAPS,
id_0102,id,medium,"Hidup dikandung adat, mati dikandung tanah",,"Orang 1: Mengapa kamu selalu mengikuti adat istiadat yang berlaku di sini? Orang 2: Karena hidup dikandung adat, mati dikandung tanah.",,literal,MAPS,
id_0103,id,medium,"Hidup tolong-menolong, sandar-menyandar",,"Orang 1: Saya butuh bantuan untuk menyelesaikan tugas ini. Orang 2: Tentu saja, saya bisa membantu. Hidup tolong-menolong, sandar-menyandar.",,literal,MAPS,
id_0104,id,medium,Hilang di mata di hati jangan,,"Orang 1: Sudah lama tidak bertemu, apakah kamu masih ingat teman kita yang dulu sering bersama-sama? Orang 2: Tentu saja, meskipun kita berjauhan, tapi kenangan itu masih terjaga. Orang 1: Benar sekali, hilang di mata di hati jangan.",,figurative,MAPS,
id_0105,id,medium,"Hujan berpohon, panas berasal",,"Orang 1: Kenapa sih musim hujan tahun ini sangat panjang? Orang 2: Hujan berpohon, panas berasal. Pasti ada penyebabnya.",,figurative,MAPS,
id_0106,id,medium,"Ikut hati mati, ikut rasa binasa",,"Orang 1: Aku ingin resign dari pekerjaanku karena aku tidak bahagia di sana. Orang 2: Tunggu dulu, pikirkanlah konsekuensi dari keputusanmu itu. Orang 1: Tapi aku benar-benar tidak bahagia di sana. Orang 2: Ingatlah, ikut hati mati, ikut rasa binasa. Orang 1: Baiklah, aku akan berpikir ulang. Terima kasih.",,figurative,MAPS,
id_0107,id,medium,"Isi lemak dapat ke orang, tulang bulu pulang ke kita",,"Orang 1: Kenapa kamu selalu membantu orang lain tapi tidak pernah mendapat apresiasi? Orang 2: Ya, isi lemak dapat ke orang, tulang bulu pulang ke kita.",,figurative,MAPS,
id_0108,id,medium,Jagung tua tak hendak masak,,"Orang 1: Sudah berapa kali kita memberi kesempatan pada karyawan yang malas ini untuk memperbaiki kinerjanya?  Orang 2: Sudah banyak, tapi tetap saja tak ada perubahan. Seperti jagung tua yang tak hendak masak.  (Orang ke-1 dan ke-2 sama-sama mengangguk setuju.)",,figurative,MAPS,
id_0109,id,medium,Jalan diasak orang menggalas,,Orang 1: Apa yang terjadi dengan adat istiadat kita akhir-akhir ini? Orang 2: Jalan diasak orang menggalas.,,literal,MAPS,
id_0110,id,medium,Jatuh ke tilam empuk,,"Orang 1: Kok si Asep masih kelihatan santai aja ya setelah dipecat dari perusahaan besar itu?  Orang 2: Ya itu dia, jatuh ke tilam empuk. Punya bisnis sendiri jadi nggak terlalu merasakan dampaknya.",,figurative,MAPS,
id_0111,id,medium,"Jauh berjalan banyak dilihat, lama hidup banyak dirasai",,"Orang 1: Apa yang membuatmu menjadi seorang ahli dalam budaya Indonesia? Orang 2: Saya merantau ke seluruh Indonesia dan mengalami banyak hal yang berbeda. Jauh berjalan banyak dilihat, lama hidup banyak dirasai.",,literal,MAPS,
id_0112,id,medium,Jawi hitam banyak tingkah,,"Orang 1: Kenapa sih teman kita itu suka banget ngomong mulu?  Orang 2: Dia memang kayak gitu, Jawi hitam banyak tingkah.",,figurative,MAPS,
id_0113,id,medium,Jelatang di hulu air,,"Orang 1: Kenapa sih dia selalu bikin masalah? Orang 2: Ya itu dia, jelatang di hulu air.",,figurative,MAPS,
id_0114,id,medium,"Jika keruh dihulu, tak dapat tidak dihilir keruh juga",,"Orang 1: Apa pendapatmu tentang kasus korupsi terbaru? Orang 2: Jika keruh dihulu, tak dapat tidak dihilir keruh juga. Mereka yang terlibat pasti akan terjerat oleh hukum suatu saat nanti.",,figurative,MAPS,
id_0115,id,medium,Racun diminum haram tak mabuk,,"Orang 1: Bagaimana bisa ada seseorang yang sempurna seperti Nasya? Dia benar-benar luar biasa, dia cerdas, menawan... Orang 2: Kakak, racun diminum haram tak mabuk.",,figurative,MAPS,
id_0116,id,medium,Rebung tiada jauh dari rumpunnya,,Orang 1: Kamu kok suka banget makan pedas ya?   Orang 2: Rebung tiada jauh dari rumpunnya.,,figurative,MAPS,
id_0117,id,medium,"Rekah tidak, rekat pukah",,"Orang 1: Kamu kenal siapa itu?  Orang 2: Dia teman sekolah dulu, tapi sekarang tidak terlalu dekat lagi.  Orang 1: Oh, jadi hubungannya renggang ya?  Orang 2: Iya, rekah tidak, rekat pukah.",,figurative,MAPS,
id_0118,id,medium,Rezeki musang tak akan didapat elang,,Orang 1: Kenapa aku selalu gagal mencapai kesuksesan yang aku inginkan? Orang 2: Mungkin itu bukan rezeki yang telah ditentukan untukmu. Rezeki musang tak akan didapat elang.,,figurative,MAPS,
id_0119,id,medium,"Rumah sudah, tukul pahat berbunyi",,"Orang 1: Kamu sudah menandatangani kontraknya kan? Orang 2: Ya, saya sudah menandatangani itu dari dulu. Tapi rumah sudah, tukul pahat berbunyi.",,figurative,MAPS,
id_0120,id,medium,"Rupa harimau, hati tikus",,"Orang 1: Kamu kelihatannya serius dan tegas saat memimpin rapat, tapi sebenarnya kamu takut salah keputusan ya? Orang 2: Haha, saya mempunyai rupa harimau, hati tikus.",,figurative,MAPS,
id_0121,id,medium,Bagai hujan jatuh ke pasir,,"Orang 1: Saya mengalami kesulitan berurusan dengan saudara saya. Saya ingin membantunya agar lebih baik dalam pekerjaannya, tetapi saya tidak tahu harus berbuat apa. Orang 2: Sudahkah kamu mencoba memberinya masukan? Orang 1: Ya, sudah. Umpan balik seperti bagai hujan jatuh ke pasir.",,figurative,MAPS,
id_0122,id,medium,Utang sebelit pinggang,,"Orang 1: Aku dengar temanmu berhutang pada banyak orang ya?  Orang 2: Iya, utang sebelit pinggang.",,literal,MAPS,
id_0123,id,medium,Seperti seludang menolak mayang,,"Orang 1: Aku merasa tidak berguna lagi di hadapan anakku yang sudah menjadi seorang pembesar. Orang 2: Ingatlah, seperti seludang menolak mayang. Janganlah begitu, justru anakmu membutuhkanmu sebagai figur yang memberikan arahan dan nasihat.",,figurative,MAPS,
id_0124,id,medium,Bagai kucing dengan panggang,,"Orang 1: Apa pendapatmu tentang teman kita yang terus menggoda teman perempuan di kantor? Orang 2: Sangat berbahaya, bagai kucing dengan panggang.",,figurative,MAPS,
id_0125,id,medium,Bagai kucing tak bermisai,,Orang 1: Apa pendapatmu tentang mantan presiden yang sekarang terlihat tidak berdaya? Orang 2: Bagai kucing tak bermisai.,,figurative,MAPS,
id_0126,id,medium,Bagai kuku dengan daging,,"Orang 1: Kamu dan aku selalu bersama-sama, seperti apa ya? Orang 2: Bagai kuku dengan daging.",,figurative,MAPS,
id_0127,id,medium,Bagai kura dengan isi,,"Orang 1: Adik saya dan suaminya akan bercerai segera.  Orang 2: Tidak mungkin, mereka sudah seperti Bagai kura dengan isi.",,figurative,MAPS,
id_0128,id,medium,Bagai mendapat durian runtuh,,"Orang 1: Saya menemukan uang di jalan hari ini! Bagai mendapat durian runtuh. Orang 2: Wah, untung banget ya kamu.",,figurative,MAPS,
id_0129,id,medium,seperti menggantang anak ayam,,"Orang 1: Kamu ngapain saja sehari-hari? Orang 2: Saya mencoba memperbaiki mesin mobil tua, tapi rasanya seperti menggantung anak ayam.",,figurative,MAPS,
id_0130,id,medium,Bagai musuh dalam selimut,,Orang 1: Apa kabar dengan temanmu yang selalu menolongmu? Orang 2: Dia diam-diam telah memfitnahku di belakangku. Bagai musuh dalam selimut.,,figurative,MAPS,
id_0131,id,medium,Bagai orang kena miang,,Orang 1: Kenapa mukanya merah sekali? Apa yang terjadi? Orang 2: Saya jatuh di depan banyak orang tadi pagi. Bagai orang kena miang.,,figurative,MAPS,
id_0132,id,medium,Bagai pelita kehabisan minyak,,"Orang 1: Apa kabar bisnismu akhir-akhir ini? Orang 2: Ya, sekarang bisnis saya bagai pelita kehabisan minyak.",,figurative,MAPS,
id_0133,id,medium,Bagai telur di ujung tanduk,,"Orang 1: Apa yang terjadi dengan proyekmu? Orang 2: Sudah hampir selesai, tapi ada masalah besar yang muncul tiba-tiba. Kontraktor utama kami bangkrut dan kami harus mencari pengganti dalam waktu singkat. Orang 1: Bagaimana caranya? Orang 2: Saya tidak tahu. Saat ini proyek kami bagai telur di ujung tanduk.",,figurative,MAPS,
id_0134,id,medium,Laksana garam dengan asam,,"Orang 1: Kamu dan dia sepertinya cocok banget ya! Orang 2: Iya, laksana garam dengan asam.",,figurative,MAPS,
id_0135,id,medium,Terpegang di abu dingin,,"Orang 1: Aku sudah bilang jangan ikut campur urusan itu... Orang 2: Tapi aku pikir aku bisa menyelesaikannya dengan baik Orang 1: Sudah ku bilang jangan, sekarang kamu terpegang di abu dingin.",,figurative,MAPS,
id_0136,id,medium,Sudah jadi abu arang,,Orang 1: Apa kabar mobil lama kamu? Orang 2: Sudah jadi abu arang.,,figurative,MAPS,
id_0137,id,medium,Mengabui mata orang,,"Orang 1: Apa yang kamu lakukan dengan uang saya? Orang 2: Tidak ada, saya hanya meminjam sebentar. Orang 1: Kamu pasti mengambil uang saya! Jangan mengabui mata orang!",,literal,MAPS,
id_0138,id,medium,"Ketika ada sama dimakan, waktu tak ada sama ditahan",,"Orang 1: Ayo kita berjuang bersama-sama untuk mencapai tujuan kita! Orang 2: Benar sekali, karena ketika ada sama dimakan, waktu tak ada sama ditahan.",,figurative,MAPS,
id_0139,id,medium,"Adat dunia balas-membalas, syariat palu-memalu",,"Orang 1: Kenapa kamu ingin membalas dendam pada mereka? Orang 2: Adat dunia balas-membalas, syariat palu-memalu.",,literal,MAPS,
id_0140,id,medium,"Air sama air kelak menjadi satu, sampah itu ke tepi juga",,"Orang 1: Aku tidak tahu lagi harus berbuat apa dengan perselisihan keluarga kita ini. Orang 2: Jangan khawatir, air sama air kelak menjadi satu, sampah itu ke tepi juga.",,figurative,MAPS,
id_0141,id,medium,Bagai membandarkan air ke bukit,,"Orang 1: Ayo, kita coba memperbaiki mesin ini sendiri. Orang 2: Sudahlah, itu seperti membandarkan air ke bukit.",,figurative,MAPS,
id_0142,id,medium,Bagai mencincang air,,"Orang 1: Aku sudah mencoba mengajarkan dia cara memasak, tapi dia tetap tidak bisa menghasilkan masakan yang enak. Orang 2: Mungkin dia memang tidak memiliki bakat memasak. Kamu seperti mencincang air saja jika terus mencoba mengajarkan padanya.",,figurative,MAPS,
id_0143,id,medium,Air tenang jangan disangka tiada buayanya,,"Orang 1: Kamu kelihatan pendiam, apakah kamu takut untuk berbicara di depan umum?  Orang 2: Tidak, air tenang jangan disangka tiada buayanya. Saya hanya lebih suka mendengarkan daripada berbicara terlalu banyak.",,figurative,MAPS,
id_0144,id,medium,Seperti air dengan kolam,,"Orang 1: Kamu selalu terlihat tenang dan santai, apa rahasiamu? Orang 2: Saya selalu berusaha untuk tidak terlalu emosional dan mengendalikan diri. Seperti air dengan kolam.",,figurative,MAPS,
id_0145,id,medium,Sambil menyelam minum air,,"Orang 1: Kamu sibuk banget nih, gimana bisa menyelesaikan semua pekerjaanmu? Orang 2: Santai saja, sambil menyelam minum air.",,figurative,MAPS,
id_0146,id,medium,Menjilat air liur sendiri,,"Orang 1: Saya selalu berjanji akan membantu teman-teman, tapi sebenarnya saya malas. Orang 2: Menjilat air liur sendiri.",,figurative,MAPS,
id_0147,id,medium,Membawa garam ke laut,,"Orang 1: Aku ingin memberikan saran pada temanku tentang cara belajar yang baik. Orang 2: Tidak usah, dia sudah sangat pintar. Membawa garam ke laut saja. (Orang 1 dan orang 2 keduanya tertawa)",,figurative,MAPS,
id_0148,id,medium,Tak air hujan ditampung,,Orang 1: Kenapa kamu menjual mobil kesayanganmu? Orang 2: Hanya untuk membeli barang-barang mewah yang tidak perlu. Tak air hujan ditampung.,,figurative,MAPS,
id_0149,id,medium,"Dari telaga yang jernih, tak akan mengalir air yang keruh",,"Orang 1: Apa kamu yakin anakmu akan baik-baik saja ketika dia dewasa nanti? Orang 2: Tentu saja, dari telaga yang jernih, tak akan mengalir air yang keruh.",,figurative,MAPS,
id_0150,id,medium,"Dangkal telah keseberangan, dalam telah keajukan",,"Orang 1: Apa kamu yakin dia baik-baik saja?  Orang 2: Sudah aku kenal lama, dangkal telah keseberangan, dalam telah keajukan.",,literal,MAPS,
id_0151,id,medium,Lubuk akal tepian ilmu,,"Orang 1: Saya ingin tahu lebih banyak tentang budaya Indonesia. Kira-kira di mana saya bisa mencari informasi yang akurat?  Orang 2: Coba tanya ke Pak Joko, dia orang yang pandai. Lubuk akal tepian ilmu.",,literal,MAPS,
id_0152,id,medium,Telah berurat berakar,,"Orang 1: Apa pendapatmu tentang kebiasaan buruk teman kita? Orang 2: Sudah berurat berakar, sulit untuk diubah.",,literal,MAPS,
id_0153,id,medium,Mencabut harus dengan akar-akarnya,,Orang 1: Bagaimana cara mengatasi masalah korupsi di Indonesia? Orang 2: Mencabut harus dengan akar-akarnya.,,literal,MAPS,
id_0154,id,medium,"Jika tak ada rotan, akar pun berguna",,"Orang 1: Saya tidak punya alat untuk memasak nasi, bagaimana ini? Orang 2: Gunakan panci yang ada saja, Jika tak ada rotan, akar pun berguna.",,figurative,MAPS,
id_0155,id,medium,"Kata banyak, kata bergalau",,"Orang 1: Apa pendapatmu tentang berita yang sedang viral di sosial media? Orang 2: Sebaiknya jangan terlalu percaya pada kabar yang belum pasti kebenarannya. Kata banyak, kata bergalau.",,literal,MAPS,
id_0156,id,medium,"Adapun manikam itu jikalau jatuh ke dalam lumpur sekalipun, niscaya tiada akan hilang cahayanya;",,"Orang 1: Bagaimana mungkin seseorang bisa tetap baik dalam situasi buruk? Orang 2: Adapun manikam itu jikalau jatuh ke dalam lumpur sekalipun, niscaya tiada akan hilang cahayanya.",,figurative,MAPS,
id_0157,id,medium,Seperti kerbau dicucuk hidung,,"Orang 1: Kenapa kamu selalu menuruti apa yang mereka katakan? Kamu harus berpikir sendiri juga, lho. Orang 2: Tapi mereka bilang ini yang terbaik untukku. Orang 1: Tapi kamu harus mempertimbangkan juga apa yang kamu inginkan. Jangan seperti kerbau dicucuk hidung.",,figurative,MAPS,
id_0158,id,medium,Tongkat membawa rebah,,"Orang 1: Kamu percayakan tugas itu pada siapa? Orang 2: Saya percayakan pada teman dekat saya, tapi malah membuat kerusakan. Orang 1: Seperti kata pepatah, tongkat membawa rebah.",,literal,MAPS,
id_0159,id,medium,"Beban berat, senggulung batu",,"Orang 1: Aku merasa sangat lelah dengan pekerjaan ini, tapi teman-temanku tidak membantuku sama sekali.  Orang 2: Mungkin mereka tidak tahu bagaimana membantu. Seperti kata pepatah, beban berat, senggulung batu.  Orang 1: Benar juga ya, mungkin aku harus mencari bantuan dari orang lain.",,figurative,MAPS,
id_0160,id,medium,Belum beranak sudah ditimang,,"Orang 1: Aku ingin membeli mobil baru, tapi masih belum punya uang.  Orang 2: Kenapa tidak menabung dulu?  Orang 1: Ah, nanti saja. Aku sudah memesan mobil yang aku inginkan.  Orang 2: Belum beranak sudah ditimang, ya?  Orang 1: Iya, benar sekali.",,literal,MAPS,
id_0161,id,medium,"Putus tali tempat bergantung, terban tanah tempat berpijak",,"Orang 1: Bagaimana kabarnya Ibu Siti setelah ditinggal suaminya yang meninggal dunia? Orang 2: Ibu Siti sangat sedih dan kehilangan arah. Putus tali tempat bergantung, terban tanah tempat berpijak.",,figurative,MAPS,
id_0162,id,medium,"Bersatu kita teguh, bercerai kita runtuh",,"Orang 1: Aku merasa sulit menyelesaikan proyek ini sendirian. Orang 2: Jangan khawatir, kita bisa melakukannya bersama-sama. Bersatu kita teguh, bercerai kita runtuh.",,literal,MAPS,
id_0163,id,medium,Seperti anjing dengan kucing,,Orang 1: Apa kabar dengan Lia dan Dinda? Orang 2: Mereka masih tidak bisa berbicara satu sama lain setelah pertengkaran kemarin. Orang 1: Seperti anjing dengan kucing ya.,,figurative,MAPS,
id_0164,id,medium,Seperti katak dalam (di bawah) tempurung,,Orang 1: Apa pendapatmu tentang teknologi baru ini? Orang 2: Aku tidak tahu apa-apa tentang teknologi yang baru. Aku merasa seperti katak dalam (di bawah) tempurung.,,figurative,MAPS,
id_0165,id,medium,Tajam pisau karena diasah,,"Orang 1: Bagaimana cara menjadi ahli dalam bahasa Indonesia? Orang 2: Dengan terus belajar dan berlatih, seperti pepatah mengatakan, Tajam pisau karena diasah.",,figurative,MAPS,
id_0166,id,medium,"Tahu makan, tahu simpan",,"Orang 1: Kamu selalu bisa mengatur keuangan dengan baik ya? Orang 2: Tentu saja, tahu makan, tahu simpan.",,figurative,MAPS,
id_0167,id,medium,"Tak ada guruh bagi orang pekak, tak ada kilat bagi orang buta",,"Orang 1: Aku sudah memberikan penjelasan yang jelas tapi dia masih tidak mengerti.  Orang 2: Ya, tak ada gunanya memberikan penjelasan yang bagus bagi orang yang tidak mau belajar. Tak ada guruh bagi orang pekak, tak ada kilat bagi orang buta.",,literal,MAPS,
id_0168,id,medium,"Tak ada rotan, akarpun jadi",,"Orang 1: Kita kehabisan bahan bakar di tengah perjalanan, bagaimana ini? Orang 2: Tak ada rotan, akarpun jadi. Kita bisa mencari kayu atau bahan bakar alternatif untuk melanjutkan perjalanan.",,figurative,MAPS,
id_0169,id,medium,"Tak ada umpat yang membunuh, tak ada puji yang mengenjang",,"Orang 1: Kamu selalu mengkritik saya, aku merasa tersinggung. Orang 2: Maaf jika kamu merasa seperti itu, tapi kritik itu bisa membantu kamu menjadi lebih baik. Orang 1: Tapi kadang-kadang kamu terlalu keras Orang 2: Saya hanya ingin membantu kamu berkembang, seperti kata pepatah 'Tak ada umpat yang membunuh, tak ada puji yang mengenjang'.",,literal,MAPS,
id_0170,id,medium,Tak tentu hilir mudiknya,,"Orang 1: Apa yang kamu pikirkan tentang rencana liburan kita? Orang 2: Aku bingung, belum ada yang pasti. Tak tentu hilir mudiknya.",,literal,MAPS,
id_0171,id,medium,Terpeluk biawak sial,,"Orang 1: Bagaimana hasil ujianmu kemarin?  Orang 2: Saya terpeluk biawak sial, nilai saya sangat buruk.",,figurative,MAPS,
id_0172,id,medium,Kacang lupa akan kulitnya,,"Orang 1: Apa kabar teman lama? Sudah lama tidak bertemu. Orang 2: Kabar baik, saya sekarang sudah menjadi CEO perusahaan besar di Jakarta. Orang 1: Wow, keren sekali! Apa kamu masih ingat kampung halamanmu? Masihkah kamu berbicara dengan orang-orang di kampung halaman? Orang 2: Sebenarnya saya sudah lupa. Sibuk dengan pekerjaan dan urusan bisnis. Orang 1: Jangan sampai kacang lupa akan kulitnya.",,figurative,MAPS,
id_0173,id,medium,"Malu bertanya, sesat di jalan",,"Orang 1: Aku bingung, nggak tahu harus gimana nih.  Orang 2: Kenapa nggak tanya aja?  Orang 1: Malu dong, takut dikira bodoh.  Orang 2: Malu bertanya, sesat di jalan.",,literal,MAPS,
id_0174,id,medium,"Lain gatal, lain yang digaruk",,"Orang 1: Kenapa kamu selalu menuduh saya mencuri uangmu? Orang 2: Karena uangku hilang dan kamu yang paling dekat dengannya! Orang 1: Tapi saya tidak mencuri uangmu. Lain gatal, lain yang digaruk.",,literal,MAPS,
id_0175,id,medium,"Lain ladang lain belalang, lain lubuk lain ikannya",,"Orang 1: Kenapa adat istiadat di daerah ini berbeda dengan daerah lain ya?  Orang 2: Lain ladang lain belalang, lain lubuk lain ikannya.",,figurative,MAPS,
id_0176,id,medium,Laksana apung-apung dipermainkan ombak,,Orang 1: Bagaimana kabarmu sekarang setelah kehilangan pekerjaanmu? Orang 2: Nasibku laksana apung-apung dipermainkan ombak.,,figurative,MAPS,
id_0177,id,medium,"Laksana apung-apung di tengah laut, dipukul ombak hanyut ke tepi",,"Orang 1: Bagaimana kabarmu setelah pindah pekerjaan? Orang 2: Masih belum mantap, Laksana apung-apung di tengah laut, dipukul ombak hanyut ke tepi.",,figurative,MAPS,
id_0178,id,medium,Lembu dongkol hendak menyondol,,Orang 1: Aku akan melaporkanmu ke polisi jika kamu terus menggangguku!  Orang 2: Lembu dongkol hendak menyondol.,,literal,MAPS,
id_0179,id,medium,Lidah bercabang bagai biawak,,"Orang 1: Apa pendapatmu tentang teman kita yang baru? Orang 2: Sejauh ini dia terlihat baik, tapi hati-hati saja. Lidah bercabang bagai biawak.",,figurative,MAPS,
id_0180,id,medium,"Luka di tangan karena pisau, luka di hati karena kata",,"Orang 1: Apa yang kamu lakukan membuat temanmu begitu marah? Orang 2: Saya tidak bermaksud menyakiti perasaannya, tapi kata-kata saya terlalu kasar. Orang 1: Ingatlah, luka di tangan karena pisau, luka di hati karena kata.",,literal,MAPS,
id_0181,id,medium,Nafas tak sampai ke hidung,,"Orang 1: Kamu kenapa sih? Kok kelihatan capek banget?  Orang 2: Ya, tadi siang udah meeting terus deadline juga mepet. Belum lagi tugas-tugas lain yang harus diselesaikan.  Orang 1: Wah, sibuk sekali ya?  Orang 2: Iya, sampai-sampai nafas tak sampai ke hidung.",,figurative,MAPS,
id_0182,id,medium,Bagai alu pencungkil duri,,"Orang 1: Aku sudah mencoba memperbaiki hubungan dengan dia, tapi sepertinya tidak ada perubahan sama sekali. Orang 2: Mungkin memang begitu, Bagai alu pencungkil duri.",,figurative,MAPS,
id_0183,id,medium,Sudah biasa makan emping,,"Orang 1: Aku gugup banget nih, besok presentasi di depan bos besar. Orang 2: Tenang saja, kamu sudah sering presentasi kok. Sudah biasa makan emping.",,figurative,MAPS,
id_0184,id,medium,"Masuk tak genap, keluar tak ganjil",,"Orang 1: Siapa itu sih yang datang terlambat? Orang 2: Ah, dia bukan siapa-siapa. Masuk tak genap, keluar tak ganjil.",,literal,MAPS,
id_0185,id,medium,"Kalah membeli, menang memakai",,"Orang 1: Harganya mahal sekali, mending cari yang lebih murah saja ya? Orang 2: Tapi kalau yang murah kualitasnya jelek, nanti malah rugi. Kalah membeli, menang memakai.",,literal,MAPS,
id_0186,id,medium,"Seperti ilmu padi, kian berisi kian merunduk",,"Orang 1: Saya selalu merasa rendah diri meskipun sudah memiliki banyak ilmu. Orang 2: Seperti ilmu padi, kian berisi kian merunduk.",,figurative,MAPS,
id_0187,id,medium,Kain basah kering di pinggang,,Orang 1: Bagaimana kabarmu? Apa kabar keuanganmu? Orang 2: Kain basah kering di pinggang.,,figurative,MAPS,
id_0188,id,medium,"Kail sebentuk, umpan seekor, sekali putus sehari hanyut",,"Orang 1: Aku ingin cepat kaya, jadi aku akan membeli semua saham tanpa mempertimbangkan risiko.  Orang 2: Hati-hati, kail sebentuk, umpan seekor, sekali putus sehari hanyut.",,figurative,MAPS,
id_0189,id,medium,"Karam di laut boleh ditimba, karam di hati bilakah sudah",,"Orang 1: Kenapa kamu masih sedih setelah putus dari pacarmu? Orang 2: Karam di laut boleh ditimba, karam di hati bilakah sudah.",,figurative,MAPS,
id_0190,id,medium,Bagai roda berputar,,"Orang 1: Kamu lihat siapa tadi di jalan? Dia dulu sangat kaya, tapi sekarang hidupnya susah sekali.  Orang 2: Ya, memang begitu adanya. Bagai roda berputar.",,figurative,MAPS,
id_0191,id,medium,"Kalau tak ada angin bertiup, takkan pokok bergoyang",,"Orang 1: Kenapa kamu merasa khawatir tentang hal itu? Orang 2: Saya khawatir bahwa sesuatu akan terjadi pada bisnis kita. Orang 1: Tapi apakah ada alasan yang jelas untuk khawatir? Orang 2: Tidak, sebenarnya tidak ada. Kalau tak ada angin bertiup, takkan pokok bergoyang.",,figurative,MAPS,
id_0192,id,medium,Di atas langit masih ada langit,,Orang 1: Saya merasa sudah sangat pandai dalam bahasa Inggris. Orang 2: Di atas langit masih ada langit.,,figurative,MAPS,
id_0193,id,medium,Musuh dalam selimut,,"Orang 1: Kamu percaya siapa di antara teman-teman kita yang bisa jadi musuh dalam selimut?  Orang 2: Saya tidak tahu, tapi saya selalu waspada. Musuh dalam selimut bisa datang dari mana saja.",,figurative,MAPS,
id_0194,id,medium,Pikir itu pelita hati,,Orang 1: Aku merasa sangat sulit menyelesaikan tugas ini. Orang 2: Jangan menyerah! Pikir itu pelita hati.,,figurative,MAPS,
id_0195,id,medium,"Yang menabur angin, akan menuai badai",,"Orang 1: Apa yang terjadi jika kamu melakukan hal yang salah? Orang 2: Yang menabur angin, akan menuai badai.",,figurative,MAPS,
id_0196,id,medium,Tangguk lerek dengan bingkainya,,"Orang 1: Bagaimana kabar pasangan Pak Tono dan Ibu Yati? Orang 2: Mereka baik-baik saja, sudah hidup bersama selama 50 tahun. Tangguk lerek dengan bingkainya.",,figurative,MAPS,
id_0197,id,medium,"Tampan sudah, langgam terbawa",,"Orang 1: Bagaimana menurutmu hasil karya saya? Orang 2: Bagus sekali! Tampan sudah, langgam terbawa.",,literal,MAPS,
id_0198,id,medium,"Tali berlembar empat, bagai tungku sejerangan",,"Orang 1: Apa yang kamu pikirkan tentang kekuatan keluarga? Orang 2: Saya percaya bahwa keluarga yang kuat seperti tali berlembar empat, bagai tungku sejerangan.",,figurative,MAPS,
id_0199,id,medium,Takkan harimau makan anaknya,,"Orang 1: Apa yang akan dilakukan bos kita jika terjadi kesalahan besar di perusahaan ini? Orang 2: Tenang saja, takkan harimau makan anaknya.",,figurative,MAPS,
id_0200,id,medium,Seperti Belanda minta tanah,,"Orang 1: Aku sudah memberikanmu hadiah ini, apakah kamu puas? Orang 2: Belum, aku ingin yang lebih besar dan lebih mahal. Orang 1: Seperti Belanda minta tanah.",,figurative,MAPS,
id_0201,id,medium,Tuah tidak dapat direjan-rejan,,Orang 1: Bagaimana caranya menjadi terkenal di dunia ini? Orang 2: Tuah tidak dapat direjan-rejan.,,literal,MAPS,
id_0202,id,medium,"Tua-tua kelapa, makin tua makin berminyak",,"Orang 1: Kamu sudah tua, pasti sudah tidak bisa belajar lagi ya? Orang 2: Tidak juga, Tua-tua kelapa, makin tua makin berminyak. Saya masih terus belajar sampai sekarang.",,figurative,MAPS,
id_0203,id,medium,Seperti meniup api di atas air,,"Orang 1: Aku sudah mencoba memperbaiki hubungan dengan dia, tapi sepertinya tidak ada harapan lagi.  Orang 2: Mungkin memang seperti meniup api di atas air.",,figurative,MAPS,
id_0204,id,medium,Seperti anak yang baru dibedung,,"Orang 1: Mengapa kamu tidak bisa menyelesaikan masalah ini? Orang 2: Saya sedikit lebih baik dalam matematika, saya sudah memberi tahu Anda sebelumnya. Saya seperti anak yang baru dibedung.",,literal,MAPS,
id_0205,id,medium,Seperti anjing bercawat ekor,,Orang 1: Kenapa kamu tidak mau tampil di depan umum? Orang 2: Saya malu karena kemarin melakukan kesalahan di depan banyak orang. Orang 1: Jangan seperti anjing bercawat ekor.,,figurative,MAPS,
id_0206,id,medium,Manikam sudah menjadi sekam,,Orang 1: Apa kabar barang antikmu? Orang 2: Sudah tidak terawat dengan baik. Manikam sudah menjadi sekam.,,figurative,MAPS,
id_0207,id,medium,Tercacak seperti lembing tergadai,,"Orang 1: Kamu tadi kok terdiam saja di dalam rapat? Orang 2: Aku bingung mau bicara apa, jadi tercengang-cengang saja. Orang 1: Ah, kamu harus belajar untuk lebih percaya diri. Jangan sampai tercacak seperti lembing tergadai di depan orang banyak. Orang 2: Benar juga, terima kasih atas nasihatnya.",,figurative,MAPS,
id_0208,id,medium,Tiada membesarkan air,,"Orang 1: Aku merasa sedih karena tidak mendapat undangan ke pesta itu. Orang 2: Jangan sedih, itu tidak penting. Tiada membesarkan air.",,figurative,MAPS,
id_0209,id,medium,"Tiba di dada dibusungkan, tiba di perut dikempiskan",,"Orang 1: Apa pendapatmu tentang keputusan pengadilan kemarin? Orang 2: Menurutku, tidak adil. Tiba di dada dibusungkan, tiba di perut dikempiskan.",,figurative,MAPS,
id_0210,id,medium,"Tunggang hilang tak hilang, tunggang mati tak mati",,"Orang 1: Saya sudah mencoba berkali-kali, tapi masih belum berhasil mencapai tujuan saya. Orang 2: Jangan menyerah, tunggang hilang tak hilang, tunggang mati tak mati. Terus berjuang sampai berhasil!",,figurative,MAPS,
id_0211,id,medium,Sudah beruban baru bergaum,,"Orang 1: Kamu tahu siapa itu Pak Tono? Dia sudah berusia 60 tahun tapi masih sering keluar malam dan bergaul dengan anak muda.  Orang 2: Wow, dia seperti tidak pernah memikirkan usia ya.  Orang 1: Ya benar, dia sudah beruban baru bergaum.",,figurative,MAPS,
id_0212,id,medium,Sudah besar maka hendak melanda,,Orang 1: Kenapa sih dia semakin sombong setelah jadi bos?  Orang 2: Karena sudah besar maka hendak melanda.,,literal,MAPS,
id_0213,id,medium,"Silap mata, pecah kepala",,"Orang 1: Aku tidak suka mengendarai motor di jalan raya yang padat. Tapi kadang-kadang aku terpaksa karena terlambat.  Orang 2: Kamu harus lebih waspada, kalau tidak bisa silap mata, pecah kepala.",,figurative,MAPS,
id_0214,id,medium,Orang yang runcing tanduk,,"Orang 1: Kamu tahu siapa itu Pak Hadi? Orang 2: Ya, dia adalah seorang penipu ulung. Orang 1: Benar sekali, orang yang runcing tanduk.",,figurative,MAPS,
id_0215,id,medium,"Kalau kail panjang sejengkal, jangan laut hendak diduga",,"Orang 1: Saya ingin berdebat dengan pakar bahasa Indonesia. Orang 2: Kalau kail panjang sejengkal, jangan laut hendak diduga.",,literal,MAPS,
id_0216,id,medium,"Tidak ingat badan celaka, ingat amat badan binasa",,"Orang 1: Aku takut mencoba hal baru, takut gagal. Orang 2: Tapi ingatlah, tidak ingat badan celaka, ingat amat badan binasa.",,figurative,MAPS,
id_0217,id,medium,Tidak dirauk menjeriau,,Orang 1: Kenapa kamu memasak nasi di kamar mandi? Orang 2: Aku lupa membawa panci ke dapur.  Orang 1: Tidak dirauk menjeriau.,,literal,MAPS,
id_0218,id,medium,Sesayat sebelanga juga,,"Orang 1: Hanya segelintir orang yang datang ke acara itu, apakah tetap dilanjutkan?  Orang 2: Tentu saja, sesayat sebelanga juga.",,literal,MAPS,
id_0219,id,medium,Sepuluh batang bertindih yang di bawah juga yang kena,,"Orang 1: Aku berharap setelah perang saudara, rakyat kecil akan merasakan kebaikan yang lebih besar. Orang 2: Sayangnya, sepuluh batang bertindih yang di bawah juga yang kena.",,figurative,MAPS,
id_0220,id,medium,Seperti ular kena palu,,"Orang 1: Kenapa kamu terlihat begitu kesal? Orang 2: Sudah berkali-kali saya mengatakan padanya untuk tidak melakukan itu, tapi dia tetap saja melakukannya! Orang 1: Lalu apa yang akan kamu lakukan sekarang? Orang 2: Tidak ada yang bisa saya lakukan. Seperti ular kena palu.",,figurative,MAPS,
id_0221,id,medium,Seperti udang dipanggang,,"Orang 1: Kamu tahu gak, tadi waktu presentasi, siapa yang salah ngomong?  Orang 2: Siapa?  Orang 1: Aku! Dan semua orang ngeh. Aku jadi malu banget.  Orang 2: Hahaha, sepertinya kamu seperti udang dipanggang ya!",,figurative,MAPS,
id_0222,id,medium,Seperti sirih pulang ke gagangnya,,"Orang 1: Apa kabar dengan pacarmu? Orang 2: Baik-baik saja, kami akan menikah bulan depan. Orang 1: Bagus sekali, kalian memang sudah sejodoh ya? Orang 2: Ya, seperti sirih pulang ke gagangnya.",,figurative,MAPS,
id_0223,id,medium,Seperti sayur dengan rumput,,Orang 1: Apa bedanya antara kedua mobil itu? Orang 2: Seperti sayur dengan rumput.,,figurative,MAPS,
id_0224,id,medium,Seperti rusa masuk kampung,,"Orang 1: Wah, lihat itu! Apa itu benda itu?  Orang 2: Itu adalah drone, bisa digunakan untuk pengambilan gambar dari udara.  Orang 1: Wow, aku belum pernah melihat drone sebelumnya. Seperti rusa masuk kampung.",,figurative,MAPS,
id_0225,id,medium,"Seperti padi hampa, kepalanya mendongak",,"Orang 1: Aku merasa lebih pintar dari yang lain karena punya gelar sarjana. Orang 2: Hati-hati, jangan sampai seperti padi hampa, kepalanya mendongak.",,figurative,MAPS,
id_0226,id,medium,Seperti orang buta kehilangan tongkat,,Orang 1: Aku benar-benar tidak tahu harus bagaimana lagi.  Orang 2: Kamu seperti orang buta kehilangan tongkat.,,figurative,MAPS,
id_0227,id,medium,Seperti nyawa ayam,,Orang 1: Aku merasa pekerjaanku di kantor tidak dihargai sama sekali. Orang 2: Mungkin karena bosmu melihat pekerjaanmu seperti nyawa ayam.,,figurative,MAPS,
id_0228,id,medium,"Seperti menggenggam bara, terasa hangat dilepaskan",,"Orang 1: Apa kamu sudah mencoba bekerja di perusahaan itu? Orang 2: Ya, tapi saya merasa tidak cocok dengan lingkungannya. Orang 1: Lalu kamu berhenti? Orang 2: Ya, seperti menggenggam bara, terasa hangat dilepaskan.",,figurative,MAPS,
id_0229,id,medium,Seperti menggantang asap,,"Orang 1: Kamu sudah berusaha membujuk dia selama berjam-jam, tapi tetap saja dia tidak mau mendengarkanmu. Orang 2: Ya, aku merasa seperti menggantang asap.",,figurative,MAPS,
id_0230,id,medium,"Patah tongkat, berjermang",,"Orang 1: Aku merasa putus asa karena usaha bisnisku gagal.  Orang 2: Tetap semangat, patah tongkat, berjermang.",,figurative,MAPS,
id_0231,id,medium,"Payah dilamun ombak, tercapai juga tanah tepi",,"Orang 1: Aku merasa sangat sulit untuk mencapai impianku. Orang 2: Tapi ingatlah, payah dilamun ombak, tercapai juga tanah tepi.",,figurative,MAPS,
id_0232,id,medium,Padi ditanam tumbuh lalang,,"Orang 1: Aku sudah berusaha semaksimal mungkin tapi hasilnya masih kurang memuaskan. Orang 2: Ya, kadang hasil yang diperoleh dari usaha tidak seperti yang diharapkan. Seperti kata pepatah, 'Padi ditanam tumbuh lalang'.",,figurative,MAPS,
id_0233,id,medium,"Sarak serasa hilang, bercerai serasa mati",,"Orang 1: Bagaimana perasaanmu setelah berpisah dengan kekasihmu? Orang 2: Sarak serasa hilang, bercerai serasa mati.",,literal,MAPS,
id_0234,id,medium,Sambil berdiang nasi masak,,"Orang 1: Kamu kok bisa menyelesaikan pekerjaan itu sambil menulis tesis juga ya? Orang 2: Sambil berdiang nasi masak, bro.",,figurative,MAPS,
id_0235,id,medium,Sambil berdendang biduk hilir,,"Orang 1: Kamu bisa menyelesaikan pekerjaan itu sambil melakukan yang lain? Orang 2: Tentu saja, sambil berdendang biduk hilir.",,figurative,MAPS,
id_0236,id,medium,"Sakit menimpa, sesal terlambat",,"Orang 1: Aku menyesal sudah memilih jurusan ini di kuliah.  Orang 2: Sakit menimpa, sesal terlambat.",,literal,MAPS,
id_0237,id,medium,"Satu orang makan nangka, semua kena getahnya",,"Orang 1: Kenapa kita semua harus dihukum karena kesalahan satu orang? Orang 2: Karena seperti kata pepatah, Satu orang makan nangka, semua kena getahnya.",,figurative,MAPS,
id_0238,id,medium,Ada nyawa ada rezeki,,"Orang 1: Apa kabar, apa yang kamu lakukan akhir-akhir ini?  Orang 2: Sibuk mencari pekerjaan baru, tapi belum berhasil.  Orang 1: Jangan khawatir, ada nyawa ada rezeki.",,literal,MAPS,
id_0239,id,medium,"Anak dipangku, kemenakan (keponakan) dibimbing",,"Orang 1: Apakah hanya anak kandung yang harus diperhatikan dengan baik? Orang 2: Tidak, anak dipangku, kemenakan (keponakan) dibimbing.",,literal,MAPS,
id_0240,id,medium,Arang habis besi binasa,,"Orang 1: Sudah berapa lama kamu mencoba memperbaiki hubunganmu dengan dia?  Orang 2: Sudah setahun, tapi tetap saja tidak ada perubahan.  Orang 1: Mungkin kamu perlu mencoba cara lain?  Orang 2: Arang habis besi binasa.",,figurative,MAPS,
id_0241,id,medium,Bagai tanduk diberkas,,"Orang 1: Kenapa mereka tidak bisa bekerja sama? Orang 2: Sudahlah, bagai tanduk diberkas.",,figurative,MAPS,
id_0242,id,medium,"Digenggam takut mati, dilepaskan takut terbang",,"Orang 1: Aku takut kehilangan dia, tapi aku juga takut mengambil risiko untuk menikahinya sekarang. Orang 2: Ingatlah, digenggam takut mati, dilepaskan takut terbang.",,figurative,MAPS,
id_0243,id,medium,"Inai tertepung, kuku tanggal",,"Orang 1: Bagaimana hasil proyekmu? Orang 2: Selesai sudah, tapi ternyata banyak masalah yang muncul di tengah jalan. Inai tertepung, kuku tanggal.",,figurative,MAPS,
id_0244,id,medium,Nasi sudah menjadi bubur,,"Orang 1: Bagaimana reaksi bos-mu setelah kamu mengakui kesalahanmu? Orang 2: Kurang baik. Saya sudah mencoba menjelaskan alasan saya berbuat begitu, tetapi saya tetap diberi sangsi. Nasi sudah menjadi bubur.",,figurative,MAPS,
id_0245,id,medium,Baji dahan pembelah batang,,"Orang 1: Apa yang terjadi antara kamu dan Aji? Aku pikir kalian berdua sahabat terbaik. Orang 2: Iya, tapi dia seperti baji dahan pembelah batang.",,figurative,MAPS,
id_0246,id,medium,"Nasi tak dingin, pinggan tak retak",,"Orang 1: Bagaimana presentasi Anda kemarin? Orang 2: Tidak begitu baik. Saya pikir banyak orang akan datang, tetapi hanya sedikit yang muncul. Orang 1: Setidaknya beberapa orang muncul. Nasi tidak dingin, piring tidak retak.",,figurative,MAPS,
id_0247,id,medium,"Tinggi kayu ara dilangkahi, rendah bilang-bilang disuruki",,"Orang 1: Ibu saya menyuruh saya untuk kuliah kedokteran di universitas, tetapi saya ingin menjadi seorang akuntan. Saya ingin mengajukan keberatan terhadap ini. Orang 2: Nah, tinggi kayu ara dilangkahi, rendah bilang-bilang disuruki.",,figurative,MAPS,
id_0248,id,medium,Nyamuk mati gatal tak lepas,,Orang 1: Saya dengar pelaku pembakaran telah dijatuhi hukuman. Orang 2: Nyamuk mati gatal tak lepas.,,figurative,MAPS,
id_0249,id,medium,"Tiada kuning oleh kunyit, tiada hitam oleh arang",,"Orang 1: Saya mendengar mereka mempromosikan Aji sebagai direktur baru. Orang 2: Saya kagum dengan sikap Aji yang selalu tegar, bahkan dalam situasi yang menantang. Tiada kuning oleh kunyit, tiada hitam oleh arang.",,figurative,MAPS,
id_0250,id,medium,Sudah tahu peria pahit,,Orang 1: Saya mendengar orang tersebut terlibat dalam usaha bisnis yang berisiko. Orang 2: Sudah tahu peria pahit.,,figurative,MAPS,
id_0251,id,medium,"Tangguk rapat, keruntung bobos",,"Orang 1: Saya perlu mulai mengatur keuangan saya dengan lebih baik. Orang 2: Nah, jika kamu tangguk rapat, keruntung bobos, itu pasti akan menimbulkan masalah.",,figurative,MAPS,
id_0252,id,medium,"Kalau di hutan tak ada singa, beruk rabun bisa menjadi raja",,"Orang 1: Semua orang dalam kelompok ini sepertinya tidak tahu apa-apa. Saya senang Aji mengambil inisiatif dan memimpin. Orang 2: Nah, kalau di hutan tak ada singa, beruk rabun bisa menjadi raja",,figurative,MAPS,
id_0253,id,medium,Seperti sayur tidak berbumbu,,"Orang 1: Sudahkah kamu melihat desain baru untuk situs web? Orang 2: Ya, terlihat seperti sayur tidak berbumbu.",,figurative,MAPS,
id_0254,id,medium,Ada bunga ada lebah,,"Orang 1: Sudahkah kamu mendengar tentang restoran baru di kota? Orang 2: Ya, ada bunga ada lebah.",,figurative,MAPS,
id_0255,id,medium,Jalan raya titian batu,,"Orang 1: Apa yang membuat budaya Indonesia begitu menarik? Orang 2: Kita memiliki banyak tradisi yang diwarisi dari nenek moyang kita, salah satunya adalah jalan raya titian batu.",,literal,MAPS,
id_0256,id,medium,Lonjak seperti labu dibenam,,Orang 1: Apakah kamu perhatikan bagaimana dia selalu membanggakan prestasinya? Orang 2: Lonjak seperti labu dibenam.,,figurative,MAPS,
id_0257,id,medium,Gajah mati tulang setimbun,,"Orang 1: Bos baru kita yang meninggal memiliki 3 anak laki-laki. Tebak siapa yang dia tinggalkan uangnya? Orang 2: Saya tidak tahu, tapi pasti jumlahnya seperti gajah mati tulang setimbun.",,figurative,MAPS,
id_0258,id,medium,"Janji sampai, sukatan penuh",,"Orang 1: Dokter ahli di rumah sakit telah berusaha keras untuk menyembuhkan ayah Surya. Namun, ayah Surya hanya memiliki 1 bulan tersisa. Orang 2: Sedih mendengarnya, tetapi janji sampai, sukatan penuh.",,figurative,MAPS,
id_0259,id,medium,Belalang dapat menuai,,"Orang 1: Hei, apakah kamu sudah mendengar tentang gadget baru yang sedang dibicarakan semua orang? Orang 2: Ya, cukup keren, tapi ingatlah pepatah belalang dapat menuai.",,figurative,MAPS,
id_0260,id,medium,Tak pandai menari dikatakan lantai yang terjungkat,,"Orang 1: Kode saya terus-terusan crash, sangat menyebalkan. Orang 1: Oh, Apakah kamu menulis unit-test? Kalo itu mah tak pandai menari dikatakan lantai yang terjungkat.",,figurative,MAPS,
id_0261,id,medium,"Jika air orang disauk, ranting orang dipatah, adat orang diturut",,"Orang 1: Saya ingin pindah ke kota baru, tapi saya tidak tahu apakah itu akan sulit. Orang 2: Masih dalam negara yang sama, kan? Seharusnya tidak sulit. Hanya ingatlah: Jika air orang disauk, ranting orang dipatah, adat orang diturut.",,literal,MAPS,
id_0262,id,medium,"Mati-mati berdawat biarlah hitam, mati-mati mandi biarlah basah",,"Orang 1: Saya merasa kewalahan dengan semua tugas yang harus saya selesaikan. Orang 2: Mati-mati berdawat biarlah hitam, mati-mati mandi biarlah basah.",,literal,MAPS,
id_0263,id,medium,"Lepas dari mulut harimau, masuk kedalam mulut buaya",,"Orang 1: Saya pikir meninggalkan pekerjaan yang penuh tekanan akan memberi saya kelegaan, tapi sekarang saya terjebak dalam hubungan yang beracun. Orang 2: Sangat disayangkan bahwa terkadang, lepas dari mulut harimau, masuk kedalam mulut buaya.",,figurative,MAPS,
id_0264,id,medium,Lebih baik satu burung di tangan dari pada sepuluh burung di pohon,,"Orang 1: Saya sedang mempertimbangkan untuk berhenti dari pekerjaan stabil saya untuk mengejar peluang yang lebih berisiko namun memiliki potensi lebih besar. Orang 2: Nah, ingatlah, lebih baik satu burung di tangan dari pada sepuluh burung di pohon.",,figurative,MAPS,
id_0265,id,medium,Diganjur surut bagai bertanam,,"Orang 1: Saya tidak ingin belajar alat baru ini, sangat sulit. Orang 2: Jika kamu tidak belajar hal baru, kamu akan berakhir seperti yang mereka katakan diganjur surut bagai bertanam.",,figurative,MAPS,
id_0266,id,medium,Lembah juga yang dituruti air,,"Orang 1: Sepertinya profesor terkenal mendapatkan lebih banyak sitasi, mendapatkan lebih banyak pendanaan, lebih banyak mahasiswa, lalu menghasilkan lebih banyak publikasi... Orang 2: Ya, lembah juga yang dituruti air.",,figurative,MAPS,
id_0267,id,medium,Gajah derum tengah rumah,,"Orang 1: Siapa yang datang ke rumah ini? Orang 2: Seorang tamu, gajah derum tengah rumah.",,figurative,MAPS,
id_0268,id,medium,Angan-angan mengikat tubuh,,Orang 1: Aku khawatir jika aku tidak lulus ujian besok.  Orang 2: Jangan khawatir terlalu banyak. Angan-angan mengikat tubuh.,,figurative,MAPS,
id_0269,id,medium,Bakar air ambil abunya,,"Orang 1: Aku mencoba untuk memperbaiki hubungan dengan mantanku, tapi dia selalu mengabaikanku.  Orang 2: Sepertinya kamu sedang bakar air ambil abunya.",,figurative,MAPS,
id_0270,id,medium,"Menang jadi arang, kalah jadi abu",,"Orang 1: Aku merasa kesal karena aku kalah dalam pertengakaran dengan istriku kemarin. Aku terpaksa harus menjemput anak-anak kami dari rumah orang tuanya. Orang 2: Jangan begitu. Pertengkaran dengan orang yang kita kasihi hanyalah menang jadi arang, kalah jadi abu.",,figurative,MAPS,
id_0271,id,medium,Bayang-bayang sepanjang badan,,"Orang 1: Aku pingin beli mobil baru tapi harganya sangat mahal.  Orang 2: Ingatlah, prinsip bayang-bayang sepanjang badan.",,figurative,MAPS,
id_0272,id,medium,"Tak lalu dandang di air, di gurun ditanjakkan",,"Orang 1: Sepertinya saya tidak bisa memotivasi karyawan baru saya. Orang 2: Apa yang sudah Anda coba? Orang 1: Taktik saya yang biasa untuk mengancam ulasan kinerja yang buruk. Apakah Anda pikir saya harus mencoba pendekatan lain? Orang 2: Tak lalu dandang di air, di gurun ditanjakkan",,figurative,MAPS,
id_0273,id,medium,"Rusak badan karena penyakit, rusak bangsa karena laku",,"Orang 1: Kamu tahu, teman saya selalu berperilaku buruk dan tidak bertanggung jawab. Dia bahkan sering merusak fasilitas umum di sekitar kita. Orang 2: Rusak badan karena penyakit, rusak bangsa karena laku.",,literal,MAPS,
id_0274,id,medium,Merak mengigal di hutan,,"Orang 1: Pak, kenapa Pak Darmawan tidak pernah pulang ke kampung halamannya? Orang 2:  Karena di kota tempat tinggalnya, beliau lebih dihargai, sedangkan di kampung halamannya beliau seperti merak mengigal di hutan.",,figurative,MAPS,
id_0275,id,medium,Anjing mengulangi bangkai,,"Orang 1: Tahu nggak siapa yang selalu datang ke tempat itu? Orang 2: Siapa?   Orang 1: Si Asep, meskipun sudah ditegur berkali-kali.   Orang 2: Anjing mengulangi bangkai.",,figurative,MAPS,
id_0276,id,medium,"Jalan mati lagi dicoba, ini pula jalan binasa",,"Orang 1: Adikku selalu mencoba hal baru, dia tidak pernah takut gagal. Orang 2: Jalan mati lagi dicoba, ini pula jalan binasa.",,figurative,MAPS,
id_0277,id,medium,Bagai mendapat gunung intan,,"Orang 1: Apa kabar? Orang 2: Karena saya baru saja mendapat kenaikan gaji! Orang 1: Wah, merasa bagai mendapat gunung intan!",,figurative,MAPS,
id_0278,id,medium,"Rendah gunung, tinggi harapan",,"Orang 1: Apa yang kamu harapkan dari karirmu di masa depan? Orang 2: Saya ingin menjadi CEO suatu perusahaan besar. Orang 1: Wow, itu sangat ambisius. Tapi apakah kamu yakin bisa mencapainya? Orang 2: Selama saya bekerja keras. Kamu tahu, rendah gunung, tinggi harapan.",,literal,MAPS,
id_0279,id,medium,"Kalau pandai mencencang akar, mati lalu ke puncaknya",,"Orang 1: Bagaimana bisa menghentikan kejahatan yang dilakukan para mafia? Orang 2: Kalau pandai mencencang akar, mati lalu ke puncaknya.",,figurative,MAPS,
id_0280,id,medium,"Adat sepanjang jalan, cupak sepanjang betung",,"Orang 1: Jangan berpakaian seperti itu di kampung ini. Orang 2: Terserah sama aku pakaian apa yang aku pakai.  Orang 1: Ingat pepatah Adat sepanjang jalan, cupak sepanjang betung.",,figurative,MAPS,
id_0281,id,medium,"Enggang lalu, atal jatuh, anak raja mati ditimpanya",,"Orang 1:  Kenapa kamu dituduh mencuri di toko itu? Kamu kan hanya sedang lewat di depannya. Orang 2: Ya, tapi sayangnya enggang lalu, atal jatuh, anak raja mati ditimpanya.",,figurative,MAPS,
id_0282,id,medium,Air diminum serasa duri dapar berarti,,"Orang 1:  Mengapa kamu sekarang kurus sekali. Orang 2: Pacar saya memutuskan hubungan.  Orang 1: Pantaslah, makan minum jadi tidak enak. Orang 2: Iya Air diminum serasa duri.",,figurative,MAPS,
id_0283,id,medium,"Diam di bandar tak meniru, diam di laut asin tidak",,"Orang 1:  Saya kesulitan memanfaatkan lingkungan sekitar saya, saya dikelilingi oleh orang-orang pintar, tetapi saya kesulitan belajar dari mereka... Orang 2: Kamu seperti peribahasa Diam di bandar tak meniru, diam di laut asin tidak.",,figurative,MAPS,
id_0284,id,medium,Tahan jerat sorong kepala,,"Orang 1: Aku sudah bilang jangan main-main dengan api, tapi kamu tetap merokok di sebelah bahan mudah terbakar.  Orang 2: Ah, aku tidak di sebelah persis, masih ada jarak beberapa meter. Aku tidak akan tahan jerat sorong kepala.",,figurative,MAPS,
id_0285,id,medium,"Anjing diberi makan nasi, bilakah kenyang",,"Orang 1: Aku sudah memberikan bonus besar-besaran kepada karyawan, tapi mereka masih mengeluh dan minta lebih banyak. Orang 2: Anjing diberi makan nasi, bilakah kenyang.",,figurative,MAPS,
id_0286,id,medium,Belum bergigi hendak mengunyah,,"Orang 1: Aku tidak suka dengan sifatnya yang sok perintah sana perintah sini.  Orang 2: Betul, belum bergigi hendak mengunyah.",,figurative,MAPS,
id_0287,id,medium,Sebagai abu di atas tanggul,,Orang 1: Apa yang kamu pikirkan tentang jabatanmu sekarang? Orang 2: Aku merasa bagai abu di atas tanggul.,,figurative,MAPS,
id_0288,id,medium,Tahu di angin berkisar,,"Orang 1: Bagaimana pendapatmu tentang situasi ini? Orang 2: Tenang, saya sudah memikirkannya Orang 1: Baiklah, kamu tahu di angin berkisar.",,figurative,MAPS,
id_0289,id,medium,Bagai keluang bebar petang,,Orang 1: Kamu kemana saja tadi siang? Saya mencarimu di mana-mana.  Orang 2: Saya pergi ke pasar dengan teman-teman. Kami bagai keluang bebar petang ya.,,figurative,MAPS,
id_0290,id,medium,"Luka di kaki, sakit seluruh badan",,"Orang 1: Kenapa kamu begitu marah pada orang itu? Orang 2: Dia telah menyakiti saudara saya. Luka di kaki, sakit seluruh badan.",,literal,MAPS,
id_0291,id,medium,Kapal besar ditunda jongkong,,Orang 1: Kenapa perusahaan ini bangkrut? Orang 2: Itu karena pimpinannya seperti kapal besar ditunda jongkong.,,figurative,MAPS,
id_0292,id,medium,"Rupa boleh diubah, tabiat dibawa mati",,"Orang 1: Kenapa sih kamu masih suka marah-marah seperti anak kecil? Sudah dewasa kok masih kayak gitu.  Orang 2: Maaf ya, saya orangnya memang begini tidak bisa diubah. Orang 1: Tapi kamu bisa berusaha untuk mengubahnya, kan? Orang 2: Rupa boleh diubah, tabiat dibawa mati.",,literal,MAPS,
id_0293,id,medium,Tabuhan meminang anak laba-laba,,"Orang 1: Orang tuaku tidak menyetujui perjodohanku dengan dia karena menurut mereka dia bukan anak dari keluarga ningrat. Orang 2: Oh, berarti orang tuamu menilai perjodohan kalian bagai tabuhan meminang anak laba-laba.",,figurative,MAPS,
id_0294,id,medium,"Mahal tak dapat dibeli, murah tak dapat diminta;",,"Orang 1: Saya ingin membeli mobil mewah tapi harganya sangat mahal.  Orang 2: Itu namanya mahal tak dapat dibeli, murah tak dapat diminta.",,literal,MAPS,
id_0295,id,medium,"Siapa cepat boleh dapat, siapa kemudian putih mata",,"Orang 1: Saya ingin mendapatkan tiket konser itu, tapi saya masih menunggu-nunggu diskonnya.  Orang 2: Kamu harus sering-sering mencek kapan mereka memberi diskon karena biasanya mereka menerapkan siapa cepat boleh dapat, siapa kemudian putih mata.",,figurative,MAPS,
id_0296,id,medium,"Adat periuk berkerat, adat lesung berdedak",,"Orang 1: Adik kamu sering sekali melakukan kesalahan dalam pekerjaannya. Orang 2: Adat periuk berkerat, adat lesung berdedak.",,literal,MAPS,
id_0297,id,medium,Akal akar berpulas tak patah,,"Orang 1: Adik perempuanku meyakinkan manajernya, dan sekarang manajernya membiarkannya memimpin sebuah proyek kecil.  Orang 2: Adik kamu seperti peribahasa akal akar berpulas tak patah.",,figurative,MAPS,
id_0298,id,medium,Bagai aur dengan tebing,,Orang 1: Adik saya dan temannya elalu saling membantu. Orang 2: Mereka bagai aur dengan tebing.,,figurative,MAPS,
id_0299,id,medium,Air udik sungai semua teluk diranai,,"Orang 1: Adik saya tidak bisa berhemat. Jika dia punya uang, apapun dibelinya. Orang 2: Mengapa dia begitu? Dia harus bisa memilih apa yang dia perlunan. Orang 1: Entahlah. Air udik sungai semua teluk diranai.",,figurative,MAPS,
id_0300,id,medium,Bagai ayam lepas bertaji,,"Orang 1: Aku ingin membantu adikku yang sedang bermasalah. Tapi susah juga karena nanti aku ikut bermasalah. Orang 2: Ingatlah, bagai ayam lepas bertaji.",,figurative,MAPS,
id_0301,id,medium,Hampa berat menjadi sekam,,"Orang 1: Aku punya begitu banyak uang, tapi aku tidak tahu harus membeli apa lagi. Orang 2: Kamu harus bersyukur dengan apa yang sudah kamu miliki. Ingatlah, hampa berat menjadi sekam.",,figurative,MAPS,
id_0302,id,medium,Anjing galak berani babi,,"Orang 1: Aku takut melawan mereka, mereka terlihat sangat berani.  Orang 2: Tidak usah takut, anjing galak berani babi.",,figurative,MAPS,
id_0303,id,medium,"Coba-coba bertanam mumbang, siapa tahu jadi kelapa",,"Orang 1: Aku takut mencoba karena takut gagal. Orang 2: Coba-coba bertanam mumbang, siapa tahu jadi kelapa.",,figurative,MAPS,
id_0304,id,medium,Anak anjing bolehkah menjadi anak musang jebat,,Orang 1: Anak Charlie ditangkap karena korupsi. Orang 2: Anak anjing bolehkah menjadi anak musang jebat.,,figurative,MAPS,
id_0305,id,medium,"Genting menanti putus, biang menanti tembuk",,"Orang 1: Apa kabar dengan situasi di perbatasan? Orang 2: Tidak baik, banyak insiden keamanan dan ketegangan antara kedua negara semakin meningkat. Genting menanti putus, biang menanti tembuk.",,literal,MAPS,
id_0306,id,medium,Tahu di angin turun naik,,"Orang 1: Apa kamu yakin cuaca akan cerah besok? Orang 2: Percayalah, kalo melihat pergerakan awan, besok pasti cerah. Orang 1: Ok, aku percaya kamu tahu di angin turun naik.",,figurative,MAPS,
id_0307,id,medium,Adakah dari telaga yang jernih mengalir air yang keruh?,,Orang 1: Apa pendapatmu tentang orang yang suka bersumpah serapah? Orang 2: Adakah dari telaga yang jernih mengalir air yang keruh?,,figurative,MAPS,
id_0308,id,medium,Adat lama pusaka usang,,Orang 1: Apa pendapatmu tentang proses ngaben di Bali? Orang 2: Bagiku sich seperti adat lama pusaka usang.,,figurative,MAPS,
id_0309,id,medium,Awak rendah sangkutan tinggi,,Orang 1: Apa yang membuatmu khawatir tentang situasi keuangan kita? Orang 2: Awak rendah sangkutan tinggi.,,literal,MAPS,
id_0310,id,medium,Bagai denai gajah lalu,,Orang 1: Apa yang terjadi dengan kebun ini?  Orang 2: Ada kerusuhan yang terjadi tadi malam. Bagai denai gajah lalu.,,literal,MAPS,
id_0311,id,medium,"Siapa yang kena cubit, itulah yang merasa sakit",,"Orang 1: Apa yang terjadi?  Orang 2: Ya, kan dia bersalah, jadi dia harus menanggung akibatnya. Siapa yang kena cubit, itulah yang merasa sakit.",,figurative,MAPS,
id_0312,id,medium,"Bukan air muara yang ditimba, sudah disauk dari hulunya",,"Orang 1: Apakah kamu yakin berita itu benar? Orang 2: Bukan air muara yang ditimba, sudah disauk dari hulunya.",,figurative,MAPS,
id_0313,id,medium,Elok berarak di hari panas,,"Orang 1: Ayo kita berpesta ria malam ini! Orang 2: Tapi uangku sedang terbatas. Orang 1: Jangan dipaksakan, elok berarak di hari panas.",,figurative,MAPS,
id_0314,id,medium,"Tertangku sama makan tanah, terlentang sama minum air",,"Orang 1: Bagaimana kabarmu? Orang 2: Baik-baik saja. Tertangku sama makan tanah, terlentang sama minum air.",,figurative,MAPS,
id_0315,id,medium,"Ijuk selembang, tali di situ, keluan di situ",,"Orang 1: Bagaimana keadaan keluarga Pak Surya? Orang 2: Kurang baik, ijuk selembang, tali di situ, keluan di situ.",,figurative,MAPS,
id_0316,id,medium,"Ayam berinduk, sirih berjunjung",,"Orang 1: Dalam proyek ini, kita bekerja bersama. Orang 2: Bagaimana jika saya tertinggal? Orang 1: Tidak masalah, ayam berinduk, sirih berjunjung.",,figurative,MAPS,
id_0317,id,medium,Adakah duri dipertajam,,Orang 1: Dapatkah kamu membantu Surya untuk proyeknya? Orang 2: Seperti kata pepatah adakah duri dipertajam?,,figurative,MAPS,
id_0318,id,medium,"Angin yang berputar, ombak yang bersabung",,"Orang 1: Hidup saya penuh dengan masalah yang datang bertubi-tubi. Angin yang berputar, ombak yang bersabung.  Orang 1: Ya, memang sulit ketika kita sedang dihadapkan pada situasi seperti itu.",,figurative,MAPS,
id_0319,id,medium,"Alang berjawab, tepuk berbalas",,"Orang 1: Jangan suka berbuat jahat kepada orang lain, selalu berusaha untuk berbuat baik.  Orang 2: Benar apa katamu, alang berjawab, tepuk berbalas.",,literal,MAPS,
id_0320,id,medium,"Dekat mencari induk, jauh mencari suku",,"Orang 1: Kalau di perantauan, teman sesuku pun jadi seperti saudara. Orang 2: Ya, dekat mencari induk, jauh mencari suku.",,figurative,MAPS,
id_0321,id,medium,Jerat halus kelindan sutera,,"Orang 1: Kamu harus hati-hati dengan orang itu, dia terkenal licik. Orang 2: Tenang saja, aku sudah tahu. Jerat halus kelindan sutera.",,figurative,MAPS,
id_0322,id,medium,"Cium tapak tangan, berbau atau tidak",,"Orang 1: Kamu selalu mengkritik orang lain tanpa memikirkan dirimu sendiri!  Orang 2: Cium tapak tangan, berbau atau tidak.",,figurative,MAPS,
id_0323,id,medium,Alah sabung menang sorak,,"Orang 1: Kamu tadi kalah dalam pertandingan bulutangkis ya? Orang 2: Iya, tapi itu bukan berarti aku tidak bisa menang di lain waktu. Orang 1: Wah, alah sabung menang sorak.",,figurative,MAPS,
id_0324,id,medium,Hulu malang pangkal celaka,,Orang 1: Kenapa dia selalu sial ya? Orang 2: Karena dia tidak pernah memperbaiki akar masalahnya. Hulu malang pangkal celaka.,,figurative,MAPS,
id_0325,id,medium,"Ada uang abang sayang, tak ada uang abang melayang",,"Orang 1: Kenapa istri kamu ingin bercerai?  Orang 2: Karena saya tidak lagi bekerja dan menghasilkan uang.  Orang 1: Mengapa dia berbuat seperti itu?  Orang 2: Ada uang abang sayang, tak ada uang abang melayang.",,literal,MAPS,
id_0326,id,medium,Hidung dicium pipi digigit,,"Orang 1: Kenapa kamu meninggalkan kekasihmu? Orang 2: Karena cintanya itu, hidung dicium pipi digigit.",,figurative,MAPS,
id_0327,id,medium,"Harap pada yang ada, cemas pada yang tidak ada",,"Orang 1: Kenapa kamu selalu khawatir tentang masa depan? Orang 2: Saya takut tidak punya cukup uang untuk hidup nanti. Orang 1: Tapi kamu memiliki pekerjaan yang stabil dan penghasilan yang cukup. Harap pada yang ada, cemas pada yang tidak ada.",,literal,MAPS,
id_0328,id,medium,"Yang untut lain, yang mengasut lain",,"Orang 1: Kenapa kamu tidak suka dengan bos kita? Orang 2: Dia selalu memperlakukan semua karyawan dengan cara yang berbeda-beda. Orang 1: Memangnya bagaimana? Orang 2: Yang untuk lain, yang mengasut lain.",,literal,MAPS,
id_0329,id,medium,"Asal ada, kecil pun pada",,"Orang 1: Mengapa Anda bekerja di kantor itu? Orang 2: Saya menyukainya. Orang 1: Bukankah itu sangat kecil? Orang 2: Asal ada, kecil pun pada",,literal,MAPS,
id_0330,id,medium,"Adat menyabung, adat gelanggang",,"Orang 1: Mengapa kita harus mengikuti aturan aturan adat yang sudah tidak relevan lagi? Orang 2: Adat menyabung, adat gelanggang.",,literal,MAPS,
id_0331,id,medium,Habis manis sepah dibuang,,"Orang 1: Pacarku meninggalkanku setelah mengambil semua uangku. Orang 2: Oh, habis manis sepah dibuang.",,figurative,MAPS,
id_0332,id,medium,Ikan terkilat jala tiba,,"Orang 1: Saya bingung bagaimana cara menyelesaikan masalah ini.  Orang 2: Jangan khawatir, Ikan terkilat jala tiba.",,figurative,MAPS,
id_0333,id,medium,"Adat teluk timbunan kapal, adat gunung tepatan kabut",,"Orang 1: Saya ingin belajar tentang investasi, siapa yang sebaiknya saya tanya? Orang 2: Kan ada pepatah mengatakan adat teluk timbunan kapal, adat gunung tepatan kabut.",,figurative,MAPS,
id_0334,id,medium,Jerih menentang laba,,"Orang 1: Saya ingin cepat kaya tanpa usaha yang berat. Orang 2: Jika kamu mau bersusah payah terlebih dahulu, pasti ada imbalan yang akan diharapkan. Jerih menentang laba.",,literal,MAPS,
id_0335,id,medium,Arang tersapu dimuka,,"Orang 1: Saya malu, ibu saya tahu kalau saya tidak masuk sekolah hari ini. Orang 2: Makanya jangan suka berbohong. Kalau ketahuan Arang tersapu dimuka.",,figurative,MAPS,
id_0336,id,medium,Jangat liat kurang panggang,,"Orang 1: Saya mencoba mengajari dia, tapi... Orang 2: Jangat liat kurang panggang.",,figurative,MAPS,
id_0337,id,medium,Diberi sehasta hendak sedepa,,"Orang 1: Sudahkah kamu makan siang? Orang 2: Sudah, tapi aku masih lapar. Ayo beli makanan lagi. Orang 1: Kamu sangat rakus dan tamak, diberi sehasta hendak sedepa.",,figurative,MAPS,
id_0338,id,medium,"Sekali air besar, sekali tepian berubah",,"Orang 1: Tiap 5 tahun kurikulum pendidikan kita berubah total. Kapan bisa desain kurikulum yang pasti? Orang 2: Biasa, sekali air besar, sekali tepian berubah.",,figurative,MAPS,
id_0339,id,medium,Alah limau oleh benalu,,"Orang 1: Ya Tuhan, itu lagi tetanggamu Surya! Orang 2: Dia sepert alah limau oleh benalu.",,figurative,MAPS,
id_0340,id,medium,"Ada aku dipandang hadap, tiada aku dipandang belakang",,"Orang 2: Saya tidak pernah menceritakan hal yang jelek tentang kamu kepada orang lain. Ini pasti ada yang salah. Orang 1: Kamu selalu memuji-muji saya waktu kita bertemu. Bukankah kamu seperti ada aku dipandang hadap, tiada aku dipandang belakang?",,literal,MAPS,
id_0341,id,medium,Angan lalu paham tertumbuk,,"Orang 1: Saya selalu memiliki banyak ide bisnis, sekarang saya pikir saya siap melakukannya. Orang 2: Angan lalu paham tertumbuk.",,literal,MAPS,
